Country name,year,Life Ladder,Log GDP per capita,Social support,Healthy life expectancy at birth,Freedom to make life choices,Generosity,Perceptions of corruption,Positive affect,Negative affect,Confidence in national government
Jamaica,2006,6.207881927490234,9.225443840026855,0.9090839624404907,66.5999984741211,0.7382360696792603,-0.0049385144375264645,0.94598788022995,0.7528194785118103,0.20084674656391144,0.17566464841365814
Jamaica,2011,5.374446392059326,9.163928985595703,0.8545842170715332,66.5999984741211,0.7956135272979736,-0.06469057500362396,0.9091161489486694,0.7644627690315247,0.23715882003307343,0.36498814821243286
Jamaica,2013,5.708886623382568,9.151405334472656,0.8649433851242065,66.5999984741211,0.7931949496269226,-0.02190854772925377,0.9307222962379456,0.694053053855896,0.31248486042022705,0.2922494113445282
Jamaica,2014,5.3105387687683105,9.152549743652344,0.8742315173149109,66.5999984741211,0.8089731335639954,-0.001563388854265213,0.8611325025558472,0.7082093358039856,0.3099849224090576,0.27950647473335266
Jamaica,2017,5.889759063720703,9.16952896118164,0.9130298495292664,66.5999984741211,0.8606763482093811,-0.13062869012355804,0.8827961683273315,0.7000218629837036,0.24339963495731354,0.3482017517089844
Jamaica,2019,6.309238910675049,9.187788963317871,0.8778144717216492,66.5999984741211,0.8906708359718323,-0.1379692554473877,0.8853300213813782,0.7217233777046204,0.1952841430902481,0.4428591728210449
Jamaica,2020,5.424990653991699,9.078067779541016,0.8695536851882935,66.5999984741211,0.8647778034210205,-0.14410346746444702,0.8364131450653076,0.7120029330253601,0.266417920589447,0.5922662019729614
Jamaica,2021,5.8137335777282715,9.11596965789795,0.8573675751686096,66.5999984741211,0.7306572794914246,-0.07591003179550171,0.8827446103096008,0.6885959506034851,0.3078785836696625,0.32580041885375977
