Country name,year,Life Ladder,Log GDP per capita,Social support,Healthy life expectancy at birth,Freedom to make life choices,Generosity,Perceptions of corruption,Positive affect,Negative affect,Confidence in national government
Suriname,2012,6.269286632537842,9.904502868652344,0.7972620725631714,62.84000015258789,0.8854884505271912,-0.08657125383615494,0.7512828707695007,0.7301676869392395,0.2503649890422821,0.7217652797698975
