Country name,year,Life Ladder,Log GDP per capita,Social support,Healthy life expectancy at birth,Freedom to make life choices,Generosity,Perceptions of corruption,Positive affect,Negative affect,Confidence in national government
Eswatini,2011,4.867091178894043,8.932703018188477,0.8371497392654419,40.808292388916016,0.6071572303771973,-0.06702391803264618,0.9172500967979431,0.7563663125038147,0.2510533928871155,0.35328084230422974
Eswatini,2018,4.211565017700195,9.050240516662598,0.7792697548866272,50.35320281982422,0.7099736928939819,-0.178632915019989,0.692341148853302,0.7394759058952332,0.2523391544818878,0.6895487308502197
Eswatini,2019,4.396114826202393,9.065652847290039,0.759097695350647,51.025413513183594,0.5966824293136597,-0.19139264523983002,0.7235077619552612,0.7256049513816833,0.27959516644477844,0.6826059818267822
